{
    "r2_score": 0.9461642172647395,
    "mean_squared_error": 0.08425421338914706,
    "mean_absolute_error": 0.24844919215672462
}